rang,bras,label,miou_pct,delta_pt,ci_lo_pt,ci_hi_pt,p,holm_12,holm_15,significatif_brut
1,D,D · CE+Kervadec EDT,81.68578082293016,0.5175659652962405,0.142485095664997,0.9095479468142021,0.0048,0.0576,0.075,True
2,fused_DvetoB,consensus D⊘B,81.65231923756028,0.48410437992636446,0.11122169203099219,0.8705161547977119,0.0082,0.082,0.10660000000000001,True
3,fused_DpvetoB,consensus Dp⊘B,81.64721081626895,0.4789959586350423,0.01922860852076298,0.9568816343802904,0.0396,0.3168,0.4136,True
4,Dp,Dp · CE+SDT (distmap),81.64293544928223,0.4747205916483255,0.03831838954776512,0.9274688043590742,0.0312,0.2808,0.396,True
5,moe_v3cs,MoE-V3-CS (4 experts),81.61757521422855,0.44936035659464135,0.10857264271771029,0.8195330474257972,0.0066,0.0726,0.0924,True
6,A,A · CE seule,81.28298118173008,0.1147663240961716,-0.2707768974497607,0.5245533800610307,0.5722,1.0,,False
7,G,G · CE+Dice+Blob (Kofler),81.26326378163824,0.09504892400433729,-0.27925578066831463,0.46708767594628087,0.6552,1.0,1.0,False
8,fused_CvetoB,consensus C⊘B,81.2364210429897,0.06820618535579026,-0.3379413900502967,0.4720212772363523,0.7758,1.0,1.0,False
9,C,C · CE+Dice+EDT,81.22672677133758,0.05851191370366271,-0.3444852897123976,0.46778348644985357,0.8096,1.0,1.0,False
10,B,B · CE+Dice (baseline),81.09306379353373,-0.07515106410017625,-0.4465660912073288,0.28082145385906937,0.6748,1.0,1.0,False
11,fused_CpvetoB,consensus Cp⊘B,81.01420274119918,-0.1540121164347319,-0.5158068204177904,0.17038733857791705,0.3498,1.0,1.0,False
12,Cp,Cp · CE+Dice+SDT,80.89046535920049,-0.27774949843342167,-0.5968408429794059,0.015537632215914754,0.0628,0.4396,0.618,False
