seed,epoch,entropy_norm,entropy_token,entropy_token_clean,part_max,frac_min,frac_max,gamma_absmean,noise_std,top_expert_share,train_loss,aux_loss_weighted,frac_0,frac_1,frac_2,frac_3
42,0,0.9996987870658254,0.9980081950327495,0.9989624114427779,0.5005604198732349,0.49925279031334185,0.5005604198732349,0.00024294381986748585,1.0,0.6670029193022625,0.1060282551278263,0.002012310068297783,0.5004856972814248,0.5005604198732349,0.4997011202474569,0.49925279031334185
42,1,0.9999698572457038,0.9995157818467166,0.9997393737403675,0.5017186053017081,0.49809460478716433,0.5017186053017081,0.00029193643920443624,0.9749999999999999,0.6476126491983384,0.1100016293324475,0.0020034689640672657,0.5002988936140301,0.5017186053017081,0.49809460478716433,0.499887924360784
42,2,0.9999831771802485,0.9997042208288689,0.9998341281701032,0.5009340282026039,0.49943959457447806,0.5009340282026039,0.00033580422203044615,0.9500000000000001,0.6471643194145377,0.12170427674133263,0.0020025878746648745,0.5001120894681349,0.5009340282026039,0.49943959457447806,0.4995143163871589
42,3,0.9999870728869205,0.9997760885581124,0.9998740597547263,0.501419719080638,0.49906598616243614,0.501419719080638,0.00032341136577446455,0.9249999999999999,0.6479115353066727,0.11711577353867493,0.002002257052226532,0.49906598616243614,0.501419719080638,0.4993275125945023,0.5001868106144222
42,4,0.9999910761785732,0.999831630587177,0.9999043116572726,0.5009340280522896,0.49910334710384985,0.5009340280522896,0.0003480437869630709,0.9000000000000001,0.6417096386279688,0.10859298972612111,0.002001758669074011,0.5002988939497321,0.5009340280522896,0.49910334710384985,0.49966375980709093
42,5,0.9999917076992043,0.99986556603272,0.9999205839657992,0.5019054091920689,0.498916542469433,0.5019054091920689,0.000400062357779328,0.875,0.6514608138106217,0.1264430709213279,0.0020018300901479625,0.498916542469433,0.5019054091920689,0.5000000065186317,0.4991780687887635
42,6,0.9999944597743227,0.9999196694934617,0.9999510133194298,0.5001868119998193,0.4996263987078471,0.5001868119998193,0.000522693850044612,0.8499999999999999,0.6596428357119839,0.12135601315018549,0.002001645907330018,0.5000000065161265,0.5001868119998193,0.4996263987078471,0.500186811293342
42,7,0.9999962197347383,0.9999362652383559,0.9999594558143102,0.5006351416433267,0.4997011203201088,0.5006351416433267,0.0005259437056097985,0.8250000000000001,0.645819329301543,0.11375273431187198,0.0020012090204342466,0.49988792442842545,0.5006351416433267,0.4997011203201088,0.4997758416317418
42,8,0.999996754212434,0.9999545558876212,0.9999713158559382,0.5010461102402002,0.4988791825376306,0.5010461102402002,0.0006106356836049977,0.7999999999999999,0.6609504657378514,0.11286104388069049,0.0020012349199075266,0.5010461102402002,0.5002988938845959,0.499775842042601,0.4988791825376306
42,9,0.9999973739083373,0.9999601654182285,0.9999747972161319,0.5004856982910361,0.4990659860922894,0.5004856982910361,0.0006403372109922121,0.7750000000000001,0.6571770212597389,0.11181914697889121,0.0020010894588454705,0.4990659860922894,0.5003736154768158,0.5000747281860086,0.5004856982910361
42,10,0.9999975387330174,0.9999649436103472,0.9999770080794723,0.5006351413602347,0.4995143158134592,0.5006351413602347,0.0006757668705209939,0.75,0.6556452273440666,0.11125065597737485,0.0020010547755347475,0.4995143158134592,0.5002615330559179,0.5006351413602347,0.4995890382399235
42,11,0.999997695981855,0.9999664146064831,0.9999778343273155,0.500485697850114,0.4996263988556562,0.500485697850114,0.0007752615788330843,0.7249999999999999,0.656990217537229,0.10497996223327612,0.002001032461684696,0.5001120892551896,0.500485697850114,0.4997758418947919,0.4996263988556562
42,12,0.9999976324489955,0.9999714535037864,0.9999808267450365,0.5003362543475091,0.4998132025756608,0.5003362543475091,0.0007942933981446517,0.7000000000000001,0.6658820948828446,0.11868102383807994,0.0020011469827327317,0.4999252850090848,0.4999252859285075,0.5003362543475091,0.4998132025756608
42,13,0.9999979351219429,0.9999757227115208,0.9999837098541722,0.5004483370089098,0.4994769550223597,0.5004483370089098,0.0008878355586125309,0.6749999999999999,0.669057764979762,0.10939603196939286,0.0020010891063896676,0.5002241718639803,0.49985056365235747,0.4994769550223597,0.5004483370089098
42,14,0.9999980937336304,0.9999780232022895,0.9999856790521439,0.5005604191993256,0.4992527904536352,0.5005604191993256,0.0009855649253339698,0.6500000000000001,0.6672270844747495,0.10489260062835885,0.002001061714890024,0.5005604191993256,0.5002988937317764,0.4992527904536352,0.4998879241002392
42,15,0.9999984408595375,0.999980036813137,0.9999861474716992,0.5004109761777266,0.4992901512998499,0.5004109761777266,0.0011592180485835283,0.625,0.6569528562075032,0.10082594024439585,0.0020008749020409286,0.5004109761777266,0.5002241719892423,0.4992901512998499,0.5000747286720251
42,16,0.9999986124182998,0.9999829651368249,0.9999878257412836,0.5004856978476088,0.4992527904786876,0.5004856978476088,0.0013558425706176797,0.5999999999999999,0.6628185065704941,0.09911057265586876,0.00200084377162875,0.5002615324446397,0.5000000068418076,0.5004856978476088,0.4992527904786876
42,17,0.9999985891696824,0.9999851436525202,0.9999892603413082,0.5003362542172366,0.4994769557664157,0.5003362542172366,0.0015547403499074457,0.5750000000000001,0.6685347137390244,0.09829481646027755,0.002000898065480135,0.4994769557664157,0.5003362542172366,0.5002615330183394,0.4999252853598183
42,18,0.9999986728246211,0.9999872351863197,0.9999906563806951,0.5007098626493205,0.499738481108703,0.5007098626493205,0.0016607817986738324,0.5499999999999999,0.6737278689453085,0.10193468885597722,0.002000927284551583,0.5007098626493205,0.49977584214782106,0.499738481108703,0.4997758418822657
42,19,0.9999989435106776,0.9999893578652496,0.9999922619382247,0.5005230580750294,0.4990659863828971,0.5005230580750294,0.001798793004303369,0.5250000000000001,0.6730553737886015,0.09932701355040514,0.0020008250144351006,0.4990659863828971,0.5002615323519458,0.5001494502542239,0.5005230580750294
42,20,0.9999989479198982,0.999989518320793,0.9999922552442262,0.5002241720092842,0.4996263987454257,0.5002241720092842,0.0020010590671656232,0.5,0.6736905082569238,0.10162637629511778,0.002000831994187355,0.5001120894180301,0.5002241720092842,0.4996263987454257,0.5000373680838499
42,21,0.9999990117734282,0.999990965026132,0.9999933501739348,0.5007472233226737,0.4995143155278619,0.5007472233226737,0.0022141217644293196,0.47500000000000003,0.6804901778337213,0.10584890848199793,0.0020008397104798563,0.500186810328825,0.49955167673984147,0.5007472233226737,0.4995143155278619
42,22,0.9999991285376045,0.9999909728825613,0.9999930859012899,0.5006351409769331,0.4989539036012449,0.5006351409769331,0.0022882509644054972,0.45000000000000007,0.6671150019285899,0.10517510329326207,0.002000719431766435,0.4989539036012449,0.5000373675978336,0.500373615301449,0.5006351409769331
42,23,0.9999991666573201,0.9999917665021726,0.9999934743135346,0.500560418931265,0.49921542901117366,0.500560418931265,0.0025361510726141603,0.42499999999999993,0.6762684044937359,0.10427935605852413,0.002000740521024379,0.500560418931265,0.5005230586838024,0.499701120164784,0.49921542901117366
42,24,0.9999991881422493,0.99999258000336,0.9999941122475774,0.5004856971912361,0.4997384805876133,0.5004856971912361,0.0028556822929105444,0.39999999999999997,0.6772397859591963,0.0979887228922589,0.002000749027719765,0.499925284172335,0.4997384805876133,0.49985056362479985,0.5004856971912361
42,25,0.9999994314510549,0.9999931760097239,0.9999945054698808,0.5002988933083911,0.4993648731275621,0.5002988933083911,0.0031255250790412584,0.375,0.6618097632943021,0.09518133600385861,0.002000538097718316,0.5002988933083911,0.500261532930656,0.4993648731275621,0.5000747279605372
42,26,0.9999994669252381,0.9999934941149431,0.9999946167826572,0.5003362545504334,0.4991780691244655,0.5003362545504334,0.0034745739028859877,0.35000000000000003,0.6636778052492918,0.09410386583651964,0.0020005257154182953,0.5002615330333708,0.4991780691244655,0.5003362545504334,0.5002241715307836
42,27,0.9999994955851715,0.999993814344605,0.9999947714260463,0.5004109762303366,0.4993648726665982,0.5004109762303366,0.003746121891328931,0.32500000000000007,0.6623701763056875,0.09383249444174302,0.0020005039242237165,0.4993648726665982,0.5004109762303366,0.5002615328905722,0.4999626460757605
42,28,0.9999994978298656,0.9999943794463414,0.9999951162270916,0.5002615326099854,0.49977584196243335,0.5002615326099854,0.004046786480684086,0.3,0.6667040324724194,0.09274611832034131,0.002000530544892655,0.5000373679886508,0.49977584196243335,0.49992528525459823,0.5002615326099854
42,29,0.9999993911668127,0.9999940541661179,0.9999946969102194,0.5006725013095737,0.4993275112617152,0.5006725013095737,0.004390221579525201,0.27499999999999997,0.6814241985306294,0.09264364561771256,0.0020006548531263284,0.5001120888618671,0.5006725013095737,0.4993275112617152,0.4998879240676711
42,30,0.9999994226326138,0.9999942078474952,0.9999947450909746,0.5008219452255431,0.49914070746154293,0.5008219452255431,0.004669530648818313,0.25,0.6749234153026691,0.09604735207000513,0.002000598148608777,0.49914070746154293,0.4998879241002392,0.5001494502266662,0.5008219452255431
42,31,0.9999994910556996,0.9999947120218207,0.9999951740680482,0.500410975616553,0.4995143160289097,0.500410975616553,0.004769144684048752,0.22500000000000003,0.6724576000487476,0.1025554855287115,0.0020005439494867393,0.5003362537988617,0.49973848100348295,0.500410975616553,0.4995143160289097
42,32,0.9999996073388701,0.9999951635660865,0.9999955208732846,0.5010834711791087,0.4993275126496176,0.5010834711791087,0.005091231375201163,0.1999999999999999,0.6600538051681544,0.09368766008524905,0.0020004203887537333,0.49940223377085247,0.4993275126496176,0.500186811619023,0.5010834711791087
42,33,0.9999995881387188,0.999995138994703,0.999995406674473,0.500597780063077,0.4996263985800799,0.500597780063077,0.005410491515805277,0.1750000000000001,0.6621086505650672,0.09417887741265156,0.002000443409864052,0.500597780063077,0.4998879247791589,0.4996263985800799,0.49988792477414845
42,34,0.9999996699498016,0.9999958593010021,0.9999960372330923,0.5003362542372786,0.4997758422480306,0.5003362542372786,0.005713040429081645,0.15,0.6566913305069667,0.09157148565753803,0.0020003876606254226,0.49985056308366826,0.5000373678884413,0.4997758422480306,0.5003362542372786
42,35,0.9999996516314944,0.9999957733212017,0.9999958928912457,0.5001868109927132,0.4995516768701139,0.5001868109927132,0.006033532292956002,0.125,0.6555331443970686,0.09116212129292267,0.0020003894847525233,0.4995516768701139,0.5001120898063421,0.500149449773218,0.5001868109927132
42,36,0.9999996716333222,0.9999961590478303,0.9999962310784603,0.5007845841187836,0.4988044604318368,0.5007845841187836,0.0063961109011192886,0.09999999999999995,0.6614735169385052,0.08911041208187766,0.0020003972622668013,0.5005230590420516,0.4988044604318368,0.5007845841187836,0.49988792472905413
42,37,0.9999996457391724,0.9999962149647634,0.9999962578945378,0.5003736149006108,0.49951431610156166,0.5003736149006108,0.006822508011982797,0.07499999999999997,0.6642755786283913,0.08848856606726768,0.0020004277179868192,0.49951431610156166,0.5003736149006108,0.5001494498208175,0.49996264655175593
42,38,0.999999670510975,0.9999961430143012,0.9999961587271597,0.5007098629900331,0.49947695563363803,0.5007098629900331,0.007215092522007612,0.05000000000000004,0.6580736816691005,0.08863937817188261,0.0020003853631647404,0.5001868106595164,0.5007098629900331,0.49962639957967026,0.49947695563363803
42,39,0.9999996844200617,0.9999965436521119,0.999996547941081,0.5003736145724245,0.4997011199618596,0.5003736145724245,0.007602323420037639,0.02500000000000002,0.6636778052092079,0.08816944186719136,0.0020003772812639316,0.5003736145724245,0.4997758421904101,0.4997011199618596,0.5001494502416977
42,40,0.9999997247844714,0.9999966095499169,0.9999966095499169,0.500112089290263,0.4997011208787771,0.500112089290263,0.00801969591650934,0.0,0.6602779701402224,0.08809766740548827,0.0020003420153285783,0.5001120891048753,0.500112089290263,0.5000747287146141,0.4997011208787771
42,41,0.9999997078690981,0.999996474307098,0.999996474307098,0.5007472233126528,0.49921542912641464,0.5007472233126528,0.00837923922446364,0.0,0.6569902174169775,0.08915416800893627,0.002000344269573889,0.49921542912641464,0.49985056409829,0.5007472233126528,0.5001868113735096
42,42,0.9999997069070864,0.999996410253149,0.999996410253149,0.5005604194298076,0.49943959472729765,0.5005604194298076,0.008806616348473113,0.0,0.6568034126122044,0.0903735322215129,0.0020003469082167987,0.5002988932156972,0.49943959472729765,0.5005604194298076,0.49970112019484686
42,43,0.9999997321598948,0.9999965702276865,0.9999965702276865,0.5013076363340592,0.49906598691901827,0.5013076363340592,0.009182449795992165,0.0,0.6556452273841504,0.08808080945978168,0.002000325901631739,0.5003362544627501,0.5013076363340592,0.49906598691901827,0.4992901515253214
42,44,0.9999997178900538,0.9999966136384668,0.9999966136384668,0.5005230585835929,0.4992901511720827,0.5005230585835929,0.009600579012723962,0.0,0.659045062653555,0.08615219645407589,0.002000340732333088,0.5001494500062053,0.4992901511720827,0.5005230585835929,0.5000373679134937
42,45,0.9999997474318314,0.9999968809574823,0.9999968809574823,0.5004109754837753,0.49947695562862754,0.5004109754837753,0.010033483337047282,0.0,0.6592318662157296,0.08586123298099559,0.00200032020644075,0.5003736149732627,0.5004109754837753,0.4997384808957577,0.49947695562862754
42,46,0.9999997791782191,0.9999971942125588,0.9999971942125588,0.5006351412049098,0.4994769552879151,0.5006351412049098,0.010508761523265164,0.0,0.656616608769443,0.08472240756553295,0.002000292279759438,0.4994769552879151,0.4997011202098783,0.500186810937598,0.5006351412049098
42,47,0.9999997732057295,0.9999968835228469,0.9999968835228469,0.500597780158276,0.49958903775891766,0.500597780158276,0.010913249096446736,0.0,0.6490323599265098,0.08428098298684414,0.00200025951123415,0.499701120102153,0.5001120891925587,0.49958903775891766,0.500597780158276
42,48,0.9999997243034655,0.999996616524502,0.999996616524502,0.5004109761451585,0.49951431559800863,0.5004109761451585,0.01129422364123892,0.0,0.6592692274252039,0.08568100325347355,0.0020003219240951955,0.49992528513935724,0.5001494505147687,0.49951431559800863,0.5004109761451585
42,49,0.999999770840784,0.9999966493932368,0.9999966493932368,0.5002988934887682,0.49985056331415023,0.5002988934887682,0.011675696493086994,0.0,0.6491818033614732,0.08400291055891845,0.0020002528898876407,0.4998879246238341,0.49985056331415023,0.4999626462862006,0.5002988934887682
42,50,0.9999997501976152,0.9999964359869633,0.9999964359869633,0.5004109763706299,0.49929015125976606,0.5004109763706299,0.012061355541577336,0.0,0.6456698863475854,0.0827072963053417,0.0020002443420123897,0.5004109763706299,0.49929015125976606,0.4999252856378998,0.500373615982874
42,51,0.9999997637860312,0.9999967674400956,0.9999967674400956,0.500410975679184,0.4993648725087681,0.500410975679184,0.012480980350254522,0.0,0.6506388759404601,0.08236112941379665,0.002000269302960533,0.4993648725087681,0.500410975679184,0.5000373676579594,0.5001868112382266
42,52,0.9999997416196771,0.9999964156243812,0.9999964156243812,0.5002988942253085,0.4997011205054965,0.5002988942253085,0.012862581514177823,0.0,0.6469775155316926,0.08383151022535727,0.002000259330387214,0.5000373676905274,0.4997011205054965,0.5002988942253085,0.4999626463212739
42,53,0.9999997669526531,0.999996589147251,0.999996589147251,0.5004109762503784,0.4993275118529516,0.5004109762503784,0.013230644525971362,0.0,0.6442875350652001,0.08296894538388529,0.00200025050693568,0.4993275118529516,0.500373615647172,0.499887924643876,0.5004109762503784
42,54,0.9999997546469195,0.9999962422618468,0.9999962422618468,0.5010461098769405,0.498542934926709,0.5010461098769405,0.013659058736853937,0.0,0.6384966065599843,0.08147219206483956,0.002000209712720881,0.5002615328605093,0.498542934926709,0.5001494506124731,0.5010461098769405
42,55,0.9999996703105559,0.9999950073193445,0.9999950073193445,0.5007472242295702,0.49932751223374794,0.5007472242295702,0.014050807368583983,0.0,0.6333034523958797,0.08163383164679194,0.002000185345514366,0.49932751223374794,0.5001120897111431,0.5007472242295702,0.49981320307169813
42,56,0.9999996677451913,0.9999950097243739,0.9999950097243739,0.5004483374999367,0.49970112105664904,0.5004483374999367,0.014425600878894329,0.0,0.6304640294564355,0.08097831064129966,0.0020001764862066,0.49981320298401477,0.5000373678784203,0.49970112105664904,0.5004483374999367
42,57,0.9999995642888442,0.9999941420699416,0.9999941420699416,0.5004856981181746,0.4997758425236069,0.5004856981181746,0.014809840376956717,0.0,0.6296794517936527,0.0806760127156993,0.002000180817138411,0.4999252853472921,0.5004856981181746,0.4997758425236069,0.4998132034925783
42,58,0.999999539637293,0.9999941151736964,0.9999941151736964,0.5007845847275566,0.4994395944943104,0.5007845847275566,0.015217863244368433,0.0,0.6266532242097708,0.08014157009088681,0.0020001706305237408,0.5000000069445223,0.499775842503565,0.5007845847275566,0.4994395944943104
42,59,0.999999522000411,0.9999940372507445,0.9999940372507445,0.5014197187248941,0.49876709922737295,0.5014197187248941,0.015586940795884649,0.0,0.6302398633219367,0.07998933896382303,0.0020001907400766833,0.49876709922737295,0.4988418211102005,0.5009713889511143,0.5014197187248941
42,60,0.9999994520541399,0.9999932416269421,0.9999932416269421,0.5006725022214807,0.4995143167629447,0.5006725022214807,0.015958567427392364,0.0,0.6234401933443009,0.07908270319030641,0.002000166853093157,0.5000000073453605,0.4995143167629447,0.5006725022214807,0.49981320307169813
42,61,0.9999994754630924,0.9999933438406907,0.9999933438406907,0.5007472244500312,0.4994769555735123,0.5007472244500312,0.016319561244891086,0.0,0.6245236576365077,0.07941584532958955,0.0020001559169423124,0.49955167656948524,0.5002241723675334,0.5007472244500312,0.4994769555735123
42,62,0.9999995306585167,0.999993745961603,0.999993745961603,0.5005977805641247,0.4990286258999421,0.5005977805641247,0.016668865683901284,0.0,0.6196293888592287,0.07837058486017351,0.0020001384194141157,0.5003362545328968,0.4990286258999421,0.5005977805641247,0.5000373679535776
42,63,0.9999995029205112,0.9999934231264926,0.9999934231264926,0.500560419905803,0.4986550169968733,0.500560419905803,0.017024316132900372,0.0,0.6165284398985775,0.07771589118979806,0.0020001311662776627,0.4986550169968733,0.5002615332864,0.500560419905803,0.5005230587364125
42,64,0.999999526970805,0.9999935069016826,0.9999935069016826,0.5010834718179447,0.49914070776968733,0.5010834718179447,0.017347412237743443,0.0,0.6223193685641285,0.07852870965452906,0.002000144837523116,0.5002615330158341,0.49914070776968733,0.5010834718179447,0.4995143164322532
42,65,0.9999995575146781,0.9999933408744879,0.9999933408744879,0.5006351413527189,0.4996263984773651,0.5006351413527189,0.01766697448761614,0.0,0.6157438633180579,0.07828246553321372,0.002000121160196773,0.5006351413527189,0.4996637604233797,0.500074729373492,0.4996263984773651
42,66,0.9999994319320606,0.9999926083426228,0.9999926083426228,0.5005604197855515,0.4994769548319616,0.5005604197855515,0.01796956801763219,0.0,0.6124934706819403,0.07771502004556793,0.0020001195130021723,0.4996263989032557,0.5003362550139027,0.5005604197855515,0.4994769548319616
42,67,0.9999994573452045,0.9999921833338478,0.9999921833338478,0.5010461112297696,0.4989539037515593,0.5010461112297696,0.018264461451516348,0.0,0.6121572236848022,0.07719595909178778,0.0020001092416791102,0.49992528528716634,0.5000747289425909,0.5010461112297696,0.4989539037515593
42,68,0.9999995700609147,0.9999920335005175,0.9999920335005175,0.5022042966482217,0.49884182138076627,0.5022042966482217,0.018540075936911486,0.0,0.615258172284699,0.0773343834261928,0.002000114345163979,0.49988792503970375,0.49884182138076627,0.5022042966482217,0.4990659863879076
42,69,0.9999996094633127,0.9999919171772632,0.9999919171772632,0.5010087499401276,0.49921542965251486,0.5010087499401276,0.01879708280394802,0.0,0.6130912437804529,0.0769648238209846,0.002000112285231263,0.49992528509676815,0.49985056390037613,0.5010087499401276,0.49921542965251486
42,70,0.9999995086925817,0.9999902834808898,0.9999902834808898,0.501606523108787,0.4989539040221251,0.501606523108787,0.019028344119585195,0.0,0.6076365630740517,0.07660883399028463,0.0020000949895313787,0.4989912648908869,0.5004483374047376,0.501606523108787,0.4989539040221251
42,71,0.9999995030006789,0.9999897616696822,0.9999897616696822,0.5016438846689948,0.49884182192690835,0.5016438846689948,0.019252251315092832,0.0,0.6087947489434469,0.07632419132021906,0.0020001042272868017,0.5002988933835482,0.49884182192690835,0.5016438846689948,0.49921542992308066
42,72,0.9999994491681046,0.9999876554251198,0.9999876554251198,0.5009713887607161,0.4994022334952762,0.5009713887607161,0.019469123882339876,0.0,0.6106254291678725,0.07630361971603838,0.0020000976173704453,0.4994022334952762,0.500224172111999,0.5009713887607161,0.49940223386605154
42,73,0.9999994725770572,0.9999865757673477,0.9999865757673477,0.501606523108787,0.4992901508589278,0.501606523108787,0.019649853472671175,0.0,0.6089068317701933,0.07611306142700784,0.002000082385674289,0.49940223415665924,0.49970112077105183,0.501606523108787,0.4992901508589278
42,74,0.9999993688802071,0.9999817336415314,0.9999817336415314,0.5019427702863022,0.49921542960241005,0.5019427702863022,0.019811455596290984,0.0,0.6074871198395073,0.07576283590308194,0.0020000818389058913,0.49921542960241005,0.49936487289708015,0.5019427702863022,0.49947695549334464
42,75,0.9999992075829035,0.9999759418898648,0.9999759418898648,0.5019427710879787,0.4992901514100804,0.5019427710879787,0.019953880953854895,0.0,0.6018456354907638,0.07614819590746354,0.002000062960991041,0.4993275122888632,0.4992901514100804,0.5019427710879787,0.4994395949252115
42,76,0.9999989864003682,0.9999725200942321,0.9999725200942321,0.501457080234997,0.49914070842605995,0.501457080234997,0.02007153060440057,0.0,0.6008368928158291,0.07569358954813629,0.0020000722356987386,0.499775842273083,0.49914070842605995,0.501457080234997,0.499626398958371
42,77,0.9999989967019107,0.9999709075621174,0.9999709075621174,0.5022790182554729,0.49861765682456793,0.5022790182554729,0.020160014520035387,0.0,0.5989314907336283,0.07529473885588182,0.00200003950255995,0.49861765682456793,0.49936487350835845,0.5022790182554729,0.49973848163480317
42,78,0.9999984357688919,0.99996376911425,0.99996376911425,0.5009340283128345,0.49929015160047857,0.5009340283128345,0.02022118979179386,0.0,0.6014720274044029,0.07529757377298871,0.0020000439819271684,0.5000747293835128,0.49929015160047857,0.5009340283128345,0.4997011204253288
42,79,0.9999980948158936,0.9999582975521614,0.9999582975521614,0.5030262352398922,0.49850557408801005,0.5030262352398922,0.020260640731295566,0.0,0.5975491402930033,0.07484208443844045,0.002000029900448839,0.49850557408801005,0.4986923783115677,0.5030262352398922,0.4997758419123286
123,0,0.9996741919126299,0.9978601616665109,0.998855605210405,0.5014944404624178,0.49899126422198814,0.5014944404624178,0.00022731325581291516,1.0,0.6689830429215678,0.10147859212750145,0.0020124642508794637,0.4998879239474196,0.5014944404624178,0.49899126422198814,0.4996263984898913
123,1,0.9999711763241504,0.9995645821775938,0.9997687811168473,0.5021669353009593,0.4980572437981511,0.5021669353009593,0.000301771817614419,0.9749999999999999,0.6485093093271134,0.12230926481274125,0.0020034944251237316,0.4980572437981511,0.5021669353009593,0.49988792476412747,0.4998879244885512
123,2,0.9999850488542789,0.9997778949355951,0.9998801095259614,0.5013449967568885,0.49783307908161745,0.5013449967568885,0.000324846016353957,0.9500000000000001,0.6493312469166882,0.11857138865983718,0.002002550893110582,0.49783307908161745,0.5013449967568885,0.5002988933584958,0.5005230587865173
123,3,0.9999911232770652,0.9998819647656244,0.9999327154550764,0.5004483373872008,0.4996637590104249,0.5004483373872008,0.00035194971003847116,0.9249999999999999,0.6540013511628213,0.10842182608502939,0.002002037803735772,0.4996637590104249,0.5000747289425909,0.4998132030767086,0.5004483373872008
123,4,0.9999944953687574,0.9999237410879488,0.999956806273611,0.5004856978225564,0.4992154296825777,0.5004856978225564,0.0005036651506166962,0.9000000000000001,0.6551595367917136,0.1317890112932769,0.0020016351459195892,0.4992154296825777,0.5002615325223021,0.5004856978225564,0.5000373681013867
123,5,0.9999952654992484,0.9999434111017306,0.9999677067486007,0.5007845847375776,0.49906598588184936,0.5007845847375776,0.0005811678355111269,0.875,0.6613987945195565,0.11814932199476867,0.0020015954095419313,0.49906598588184936,0.5004109757067416,0.49973848133667975,0.5007845847375776
123,6,0.9999961364004704,0.9999462495574875,0.9999686847537976,0.5006351410495851,0.4991407081905675,0.5006351410495851,0.000569737145568231,0.8499999999999999,0.6540013510826537,0.1094090832396089,0.002001357752398889,0.4991407081905675,0.5004483370990984,0.5006351410495851,0.49977584231567207
123,7,0.9999965572405278,0.9999544864624398,0.9999732139452079,0.5005230588316115,0.49884182180164643,0.5005230588316115,0.0006028330765405286,0.8250000000000001,0.6520212268220071,0.10127136335227821,0.0020012727072092917,0.5005230588316115,0.5002988936716507,0.49884182180164643,0.5003362545178653
123,8,0.999996816262192,0.9999627405232684,0.999977622043389,0.5005604197855515,0.4990659863728762,0.5005604197855515,0.0006331075556737839,0.7999999999999999,0.6592692275053715,0.10082951794355285,0.002001303624989316,0.5000747285492683,0.4990659863728762,0.5005604197855515,0.5002988934987892
123,9,0.9999959761052623,0.9999573998749457,0.9999741007196238,0.500709862529069,0.4989165430381223,0.500709862529069,0.0007378396441675873,0.7750000000000001,0.6662557024080319,0.13190642408600733,0.002001466582796681,0.5004856974592967,0.500709862529069,0.4989165430381223,0.49988792446850927
123,10,0.9999961622545361,0.999960379986933,0.9999762852879763,0.5007472233527366,0.49872973843877877,0.5007472233527366,0.000773978513078645,0.75,0.6673018052101777,0.13810570950907353,0.002001505991144616,0.5007472233527366,0.5004856979528288,0.5000373674825926,0.49872973843877877
123,11,0.9999972082819807,0.9999701011958504,0.9999827176192181,0.5001120892301372,0.49992528514687296,0.5001120892301372,0.0008369770930377264,0.7249999999999999,0.6672270843945819,0.11720937988755281,0.0020012791046500706,0.5001120892301372,0.49992528514687296,0.5000000072476563,0.49996264590540423
123,12,0.9999978129063666,0.999976254343265,0.9999864802876814,0.5008966671710016,0.49921542956984194,0.5008966671710016,0.0009086291140061882,0.7000000000000001,0.6624075369940721,0.1094430129005553,0.0020011059913869443,0.4996637589452887,0.5008966671710016,0.49921542956984194,0.5002241714581316
123,13,0.9999979419762766,0.9999769303569396,0.9999863511776876,0.5005604190890951,0.4992527906465386,0.5005604190890951,0.000925214487328692,0.6749999999999999,0.6600911662573773,0.10636482233207901,0.00200106234354842,0.5001494504095487,0.4992527906465386,0.5000373678082737,0.5005604190890951
123,14,0.9999981923398349,0.9999795802583932,0.9999871303671226,0.5009713887456847,0.49929015079629685,0.5009713887456847,0.0009982723078208837,0.6500000000000001,0.6634910012061114,0.10210403066727244,0.0020009916969064546,0.5001868116641173,0.5009713887456847,0.49929015079629685,0.4995516768149986
123,15,0.9999979277064356,0.9999774328878284,0.9999855862580936,0.5004856985691176,0.498804459878179,0.5004856985691176,0.0011232948579237357,0.625,0.6697676209050213,0.1067424362478997,0.002001119687997942,0.5002241716710769,0.5004856985691176,0.5004856976622211,0.498804459878179
123,16,0.9999982759947735,0.9999813033416918,0.9999878629791552,0.5009713888358733,0.4992154293468757,0.5009713888358733,0.0012369796261222684,0.5999999999999999,0.6608010216214629,0.10024380974757166,0.002000971443302273,0.49985056374755654,0.4999626463363054,0.4992154293468757,0.5009713888358733
123,17,0.999998496656219,0.9999829195214344,0.999988273557754,0.5004856981632688,0.49910334740698375,0.5004856981632688,0.0013181164399761439,0.5750000000000001,0.6612867128552409,0.10086348762318602,0.002000902969485353,0.5004856981632688,0.5001494504195696,0.5002615327252264,0.49910334740698375
123,18,0.9999983738393854,0.999983683839771,0.9999884329711181,0.5008966667175534,0.4991780689941931,0.5008966667175534,0.001402491369649828,0.5499999999999999,0.6692445687824395,0.09729423198570882,0.0020010057807334455,0.5008966667175534,0.4991780689941931,0.5007098627745825,0.4992154290437418
123,19,0.9999986721832799,0.9999852931651799,0.999989355259801,0.5012702743880446,0.4993275121936641,0.5012702743880446,0.0015787868004257177,0.5250000000000001,0.664200856570197,0.09676484740574086,0.002000841018684314,0.4993275121936641,0.49943959437405894,0.4999626454394298,0.5012702743880446
123,20,0.9999986453672023,0.9999851891877432,0.9999887518780137,0.5012329141380768,0.49925279053380284,0.5012329141380768,0.0017567506216894823,0.5,0.6675259709839221,0.0976101758325549,0.002000865596957209,0.5012329141380768,0.49951431630198073,0.49925279053380284,0.5000000066288622
123,21,0.9999989336500572,0.9999872598779547,0.9999901956572337,0.5004483372043185,0.4996637586621967,0.5004483372043185,0.0019489457190698157,0.47500000000000003,0.6613614341518426,0.09420236236420187,0.002000733169713875,0.4996637586621967,0.500112089961667,0.5004483372043185,0.4997758417670247
123,22,0.9999989179772824,0.999988610301951,0.9999910275568958,0.500410975909666,0.4995516767849358,0.500410975909666,0.0020918196622124437,0.45000000000000007,0.6686841568533173,0.0993405394331272,0.002000798123200357,0.500410975909666,0.4995516767849358,0.4996637597419547,0.5003736150834932
123,23,0.999998921464575,0.999988499109426,0.9999906239127985,0.5004483366055663,0.4994769548920873,0.5004483366055663,0.002286142984965081,0.42499999999999993,0.6636778054096271,0.09613963150530151,0.0020007251239824533,0.5004483366055663,0.4994769548920873,0.4997384810936715,0.5003362540869642
123,24,0.9999990836437228,0.9999900922810542,0.9999918725639682,0.5003362546581587,0.49973848102101964,0.5003362546581587,0.002493659994347621,0.39999999999999997,0.665994177028166,0.09750677204284398,0.0020006873712843007,0.4998132029013419,0.5003362546581587,0.500112089395483,0.49973848102101964
123,25,0.9999990783526581,0.9999904493076656,0.9999919187405323,0.500448335889068,0.4994769547217311,0.500448335889068,0.002708535922644879,0.375,0.6711126097353337,0.09764037696142364,0.002000729479027189,0.4994769547217311,0.5001120897462165,0.500448335889068,0.49996264597555096
123,26,0.9999992792126952,0.9999913202489713,0.9999925476957987,0.5001494506776092,0.49970112021238355,0.5001494506776092,0.002844135923638048,0.35000000000000003,0.6622207333918138,0.09413393127413187,0.0020006012031213503,0.5001494506776092,0.5001120896810802,0.5000373676980432,0.49970112021238355
123,27,0.9999992505928456,0.9999915391066448,0.999992493261967,0.5004856978626402,0.49970112003701683,0.5004856978626402,0.0030317346614903867,0.32500000000000007,0.6640887749058814,0.0976602175393879,0.0020006218384613144,0.4997011204228236,0.5001120894155249,0.5004856978626402,0.49970112003701683
123,28,0.9999992612150586,0.9999920902191269,0.999992911055654,0.5004109757969303,0.49970112077105183,0.5004109757969303,0.003338056060322075,0.3,0.6712246936443435,0.09738276006494823,0.002000650688636329,0.49981320265332324,0.49970112077105183,0.5000747287697294,0.5004109757969303
123,29,0.9999992174034401,0.9999913588496928,0.9999920656076596,0.5004856980329965,0.4996263987328995,0.5004856980329965,0.00353841176356747,0.27499999999999997,0.6631173936408401,0.09635285823465035,0.0020006129570761303,0.49996264594799333,0.5004856980329965,0.4999252855076274,0.4996263987328995
123,30,0.9999992245383605,0.9999915457204755,0.999992105851818,0.5004483367558806,0.49951431630198073,0.5004483367558806,0.003764276474804468,0.25,0.6618844856731668,0.09512593216627896,0.0020005840602410406,0.5004483367558806,0.49951431630198073,0.4996263991562849,0.5004109756391002
123,31,0.9999992174435239,0.9999914991430733,0.9999919494447407,0.5005230585209619,0.49887918172342793,0.5005230585209619,0.003934231555438835,0.22500000000000003,0.6622954543677447,0.09485232886415483,0.002000545329403661,0.5005230585209619,0.5002615325749121,0.5003362545303915,0.49887918172342793
123,32,0.9999991321852324,0.9999914841116396,0.9999918512794582,0.5005977799428255,0.498767098766409,0.5005977799428255,0.004108122958931333,0.1999999999999999,0.6685347130175157,0.10351382340501841,0.00200061340488759,0.498767098766409,0.5005977799428255,0.500448336968826,0.5001868112382266
123,33,0.9999992841830891,0.9999912723488028,0.9999915457204755,0.5007845854039712,0.4992901511996403,0.5007845854039712,0.004338867037927215,0.1750000000000001,0.6501531860695321,0.09603468008544834,0.0020004162378859706,0.5004109760173913,0.49951431621179215,0.5007845854039712,0.4992901511996403
123,34,0.999999368679788,0.9999928154958201,0.9999930010438366,0.5002615326876478,0.49981320265332324,0.5002615326876478,0.004660501077184961,0.15,0.6457819687334098,0.09265994977784701,0.0020004015072376015,0.49981320265332324,0.49981320322201245,0.5001120899015412,0.5002615326876478
123,35,0.999999293282117,0.999992283823992,0.9999924141365005,0.5010461103178626,0.4994395944492161,0.5010461103178626,0.005052142105144828,0.125,0.6530299699779477,0.08962251246727065,0.0020004243686389386,0.4994395944492161,0.5010461103178626,0.5000747294210914,0.49943959452186804
123,36,0.9999993239462416,0.9999921103412062,0.9999922042576034,0.5003736153715957,0.4995516772458997,0.5003736153715957,0.005533382967026765,0.09999999999999995,0.64182172129438,0.08952077675082175,0.0020003747883946123,0.500186811293342,0.5003736153715957,0.49988792539795296,0.4995516772458997
123,37,0.9999993339671973,0.9999923505635573,0.999992398183139,0.5008219451754383,0.49943959470976096,0.5008219451754383,0.005921877134608878,0.07499999999999997,0.6471643193744538,0.08795314103555342,0.0020003662910938725,0.49992528485376,0.5008219451754383,0.4998132030266038,0.49943959470976096
123,38,0.9999992942842125,0.9999919415482276,0.9999919623517317,0.5005977802334332,0.4995890376286452,0.5005977802334332,0.006247560943338441,0.05000000000000004,0.648135701120501,0.08880201157210013,0.0020003857438044815,0.4995890376286452,0.4999626462060329,0.4998505644064344,0.5005977802334332
123,39,0.9999993052270962,0.9999915741399061,0.9999915828781795,0.5007098633658188,0.4994022337157372,0.5007098633658188,0.006572050669386472,0.02500000000000002,0.6381603603244389,0.08717965513026867,0.0020003398046117946,0.5007098633658188,0.5001120897812897,0.49977584226306204,0.4994022337157372
123,40,0.9999992580885204,0.9999916745097989,0.9999916745097989,0.5005977805240409,0.4994395944341847,0.5005977805240409,0.006958242782617706,0.0,0.639916318129916,0.08697515388383269,0.0020003467563366882,0.4997758422279887,0.5005977805240409,0.500186811345952,0.4994395944341847
123,41,0.9999991189575709,0.9999901965390778,0.9999901965390778,0.5006351411522998,0.4995143162719179,0.5006351411522998,0.007386297654553436,0.0,0.6394306279784012,0.08623936558649616,0.002000348086148831,0.4995890378065172,0.5006351411522998,0.5002615334517457,0.4995143162719179
123,42,0.9999990788737478,0.9999897319274856,0.9999897319274856,0.5007098640522544,0.4994769553129675,0.5007098640522544,0.007785644524410698,0.0,0.6349846901874375,0.0861495986615922,0.002000306456750002,0.4994769553129675,0.5001494505698839,0.5007098640522544,0.4996637597018709
123,43,0.9999989477595629,0.9999888018224571,0.9999888018224571,0.5009340280071953,0.4986176560579648,0.5009340280071953,0.008215450994274563,0.0,0.6351341324198864,0.0861400615426423,0.0020003178872158045,0.4986176560579648,0.5006351412124256,0.5009340280071953,0.49981320307169813
123,44,0.9999990177860016,0.9999896404962854,0.9999896404962854,0.5002241716961293,0.4997758420576325,0.5002241716961293,0.00871397319507222,0.0,0.6335276165662713,0.08579270012310951,0.0020003022528024893,0.5002241716961293,0.5001868112482476,0.49981320313683436,0.4997758420576325
123,45,0.9999989208633177,0.9999881833290685,0.9999881833290685,0.5007845848177452,0.49929015201133775,0.5007845848177452,0.009144438787663472,0.0,0.6331166480320287,0.08499540935227273,0.002000279782375004,0.4997384815295831,0.5007845848177452,0.49929015201133775,0.5001868111881219
123,46,0.9999989129668045,0.999987940260766,0.999987940260766,0.5011208325764759,0.49839349097316105,0.5011208325764759,0.009572709272361956,0.0,0.6389075767777475,0.08391685474967107,0.0020003226847483675,0.49839349097316105,0.5007472242095283,0.5011208325764759,0.4997384812289545
123,47,0.9999985595878211,0.9999844916891394,0.9999844916891394,0.5004483374598528,0.4995516769427658,0.5004483374598528,0.009925138375646089,0.0,0.6410745046807361,0.08431691634290236,0.002000329350249713,0.4995516769427658,0.5004483374598528,0.5002615332813894,0.4997384813216483
123,48,0.9999982091750406,0.9999831375774314,0.9999831375774314,0.500373615196229,0.4997011204303393,0.500373615196229,0.01028377481967351,0.0,0.6308749986320192,0.08309338951800281,0.0020002675709009632,0.4997011204303393,0.49992528618905235,0.5000000080969322,0.500373615196229
123,49,0.9999974475824039,0.9999805772232384,0.9999805772232384,0.5007472240266458,0.4991780693248846,0.5007472240266458,0.010678420328079813,0.0,0.6367406492355131,0.08305117076296653,0.002000288367515684,0.5007472240266458,0.5001494505298001,0.4991780693248846,0.49992528557276356
123,50,0.9999975930866813,0.9999811050871033,0.9999811050871033,0.5009713889761667,0.49921542928173945,0.5009713889761667,0.01108181939811697,0.0,0.6310244412653063,0.08211353199748121,0.0020002501079763794,0.500336254588012,0.4994769553931351,0.5009713889761667,0.49921542928173945
123,51,0.999997236300573,0.9999780504993728,0.9999780504993728,0.500635141803662,0.4983187697542219,0.500635141803662,0.011416497179974063,0.0,0.624598378772774,0.08379927560907525,0.0020002410357233035,0.5004483368335431,0.5005977805741457,0.500635141803662,0.4983187697542219
123,52,0.9999967113628272,0.9999741707059787,0.9999741707059787,0.5004109769518454,0.4997384810936715,0.5004109769518454,0.01180913523916799,0.0,0.6218336775307697,0.08218324682709749,0.0020002137344122613,0.5000000070096585,0.49985056410079526,0.5004109769518454,0.4997384810936715
123,53,0.9999960213999822,0.9999700517724966,0.9999700517724966,0.5010461109992875,0.4993275126897014,0.5010461109992875,0.012171095175757533,0.0,0.617051492061243,0.0818622494022479,0.0020002002676569363,0.4994022339812925,0.5002241720669046,0.5010461109992875,0.4993275126897014
123,54,0.9999945057905514,0.9999611117572054,0.9999611117572054,0.5006351414980228,0.4994022340063449,0.5006351414980228,0.012619931506344995,0.0,0.6252708742100678,0.08083596593113497,0.0020002309593391463,0.49973848072540145,0.5002241721570932,0.5006351414980228,0.4994022340063449
123,55,0.9999942736651325,0.9999561435276819,0.9999561435276819,0.5008593059540115,0.4991780688739416,0.5008593059540115,0.01303565467030772,0.0,0.6219083996290478,0.08036837099018558,0.002000193070888359,0.4996263989708972,0.5008593059540115,0.5003362554147409,0.4991780688739416
123,56,0.9999902633588107,0.9999290767658775,0.9999290767658775,0.5017933281440421,0.4982066874185022,0.5017933281440421,0.013407257766974557,0.0,0.6206754926634701,0.08038606504686102,0.0020002101107407175,0.4989912644850382,0.5010087498298971,0.5017933281440421,0.4982066874185022
123,57,0.9999876301322275,0.9999138335293383,0.9999138335293383,0.5009340277917448,0.49958903886122275,0.5009340277917448,0.01380034832305149,0.0,0.6276993279338444,0.07907500386328287,0.002000225840822844,0.49970112021488877,0.5009340277917448,0.49958903886122275,0.49977584184719237
123,58,0.9999832677696885,0.9998860029302031,0.9998860029302031,0.5010087505914897,0.49858029598586895,0.5010087505914897,0.014194152136937676,0.0,0.6164163582342619,0.07898096779077023,0.0020001736729798516,0.5001494500036999,0.5002615330960017,0.5010087505914897,0.49858029598586895
123,59,0.9999762408350167,0.9998393368223969,0.9998393368223969,0.5007472236483548,0.49962639943937687,0.5007472236483548,0.014562845079161894,0.0,0.621161182774901,0.07852954506904147,0.0020001986173307867,0.4998879245186141,0.5007472236483548,0.49962639943937687,0.4997384809082839
123,60,0.9999674821589405,0.9997824294982377,0.9997824294982377,0.5019054096179595,0.4985055734366479,0.5019054096179595,0.01493965099968402,0.0,0.6235149150417407,0.07838201477983371,0.002000208127061212,0.4985055734366479,0.5006725024118789,0.5019054096179595,0.49891654327361473
123,61,0.9999623536742928,0.999738191828763,0.999738191828763,0.5009340285733793,0.49899126484829787,0.5009340285733793,0.0153149049547479,0.0,0.6192184202448185,0.07759620883096843,0.002000152363260881,0.49899126484829787,0.5004483373396014,0.5009340285733793,0.49962639878801474
123,62,0.9999579138698078,0.9996987056956648,0.9996987056956648,0.5014944402419567,0.49764627522883514,0.5014944402419567,0.015629422762597177,0.0,0.6119704204432982,0.07776615610840983,0.0020001483885427307,0.49955167749892887,0.5014944402419567,0.501307637160788,0.49764627522883514
123,63,0.9999257236338335,0.999502869243981,0.999502869243981,0.5010834721185733,0.49899126476562494,0.5010834721185733,0.015966108586155655,0.0,0.6124934721650417,0.07722047140675257,0.0020000841595400336,0.49899126476562494,0.5003736157022872,0.5010834721185733,0.4995516772759626
123,64,0.9998971999853989,0.9993618796476199,0.9993618796476199,0.5011955540534547,0.49865501781358124,0.5011955540534547,0.01629821313563897,0.0,0.6049839451798835,0.07734208091562357,0.0020001229713279465,0.5000747287371612,0.5000747290728632,0.5011955540534547,0.49865501781358124
123,65,0.9998588240940297,0.9991854921073503,0.9991854921073503,0.5017559666740229,0.49858029574536605,0.5017559666740229,0.016607821676642123,0.0,0.6143615128774329,0.07669385223979508,0.0020000848356413916,0.49858029574536605,0.500074729132989,0.5017559666740229,0.4995890379493158
123,66,0.9998057704686958,0.9988967628790054,0.9988967628790054,0.5011581934652797,0.49872973903252044,0.5011581934652797,0.01689393076827723,0.0,0.6058806041061437,0.07739388982050757,0.0020000222348874257,0.49872973903252044,0.5002615330158341,0.5011581934652797,0.4998505632389931
123,67,0.9996474612135974,0.9980730071673878,0.9980730071673878,0.5016812457081128,0.4983187697943057,0.5016812457081128,0.017174381435809315,0.0,0.6077860080322004,0.07635188804690118,0.0019999788826670956,0.49906598720712075,0.5009340280122058,0.5016812457081128,0.4983187697943057
123,68,0.9995032320827466,0.9973100433032146,0.9973100433032146,0.5016065240307149,0.4981693262866903,0.5016065240307149,0.017437463995788268,0.0,0.6033400683172132,0.07646285829077291,0.0019999362838973756,0.4981693262866903,0.5007845847375776,0.5016065240307149,0.49943959473481336
123,69,0.9993407521860345,0.9964568242581001,0.9964568242581001,0.5020174925549366,0.4982066875587956,0.5020174925549366,0.017672617589677832,0.0,0.6066651823301001,0.07604263869453054,0.001999805837828308,0.4989912650412012,0.5007845846774519,0.5020174925549366,0.4982066875587956
123,70,0.9990405890070999,0.9948901874392162,0.9948901874392162,0.5022416579378637,0.49902862594002595,0.5022416579378637,0.017907461718917293,0.0,0.6021445224007745,0.07517849454792778,0.001999654236112464,0.49914070754421586,0.4995890376987919,0.5022416579378637,0.49902862594002595
123,71,0.9987812993826286,0.9936828242505887,0.9936828242505887,0.5014944408231721,0.49768363549633965,0.5014944408231721,0.018122061492064773,0.0,0.6035642334095327,0.07526319437280107,0.001999764582023235,0.49943959426382845,0.5013823578360903,0.5014944408231721,0.49768363549633965
123,72,0.9986152783607426,0.992655862195426,0.992655862195426,0.5013449977289212,0.49865501720230293,0.5013449977289212,0.018325442081240897,0.0,0.6018082746420439,0.0757067767901956,0.001999836059308485,0.49865501720230293,0.5011581926836451,0.5013449977289212,0.49884182149600725
123,73,0.9985466006624675,0.9921506874979785,0.9921506874979785,0.5028767920454317,0.4986923781111486,0.5028767920454317,0.018503081018422064,0.0,0.5985952441774123,0.0750895978879151,0.0019994922896387417,0.4986923781111486,0.49970112062574795,0.5028767920454317,0.49872973918032953
123,74,0.9983302297091917,0.9910748524800514,0.9910748524800514,0.5021295750409706,0.4979078010796859,0.5021295750409706,0.018668206091707155,0.0,0.6026675750845298,0.07449215580662305,0.0019999302303006406,0.4988044604568892,0.5011581934251959,0.5021295750409706,0.4979078010796859
123,75,0.9982122247781863,0.9904698129059407,0.9904698129059407,0.502951513843081,0.4988044609028217,0.502951513843081,0.01880275300517929,0.0,0.5971008104691188,0.07461920833539545,0.001999395658658528,0.4988044609028217,0.4988791824950415,0.502951513843081,0.49936487259645146
123,76,0.9978801203639859,0.9888347291112668,0.9888347291112668,0.5019427710378739,0.49816932591842017,0.5019427710378739,0.018921643412886806,0.0,0.5960173468182531,0.07432960208302468,0.001999536471328026,0.4985055739978214,0.5013823578561323,0.5019427710378739,0.49816932591842017
123,77,0.99787214376338,0.9884679270175454,0.9884679270175454,0.5014570804755,0.4986923786723221,0.5014570804755,0.019012789564519097,0.0,0.5956437391327305,0.07444240734051279,0.0019995102404586082,0.4986923786723221,0.5005977803937685,0.5014570804755,0.49925279075175866
123,78,0.9977963435705989,0.9879246659942658,0.9879246659942658,0.5011581937258245,0.49884182149600725,0.5011581937258245,0.0190759983086594,0.0,0.595942625842322,0.07423768985688325,0.0019995097840353896,0.49884182149600725,0.5011208326165597,0.5011581937258245,0.49887918277562826
123,79,0.99770705565239,0.9874530974938394,0.9874530974938394,0.5018680491500359,0.4979451619284058,0.5018680491500359,0.01911584452977097,0.0,0.5954569342077058,0.07424219369026504,0.001999419214950515,0.4979451619284058,0.5007472239088996,0.5018680491500359,0.4994395939331369
456,0,0.9995513537544168,0.9967563617285579,0.9982085026745517,0.5014944402043781,0.49906598617245707,0.5014944402043781,0.0002342466520849821,1.0,0.6595681154575618,0.10083280952688665,0.002014264817617047,0.5014944402043781,0.4995890381246825,0.4998505643613401,0.49906598617245707
456,1,0.9999496539968248,0.9991488356917355,0.9995440974200261,0.5011955536325746,0.49872973931060194,0.5011955536325746,0.0003258738275603269,0.9749999999999999,0.6398415968733981,0.11362957144964038,0.00200410052431245,0.5010834711365196,0.5011955536325746,0.49872973931060194,0.4989912644299229
456,2,0.9999759326705856,0.9995077330551455,0.9997269558922589,0.5011581931947139,0.49880446143894286,0.5011581931947139,0.00034280767595888976,0.9500000000000001,0.633415535062291,0.11347889645174196,0.0020027174949445578,0.5005604201062221,0.5011581931947139,0.49947695556349136,0.49880446143894286
456,3,0.9999822568957567,0.9996209421972341,0.9997854184687498,0.5011955540133709,0.4994769557087952,0.5011955540133709,0.00034219025532140695,0.9249999999999999,0.6308002758523162,0.11658804940351641,0.0020023018599906843,0.4994769557087952,0.5011955540133709,0.4995143165725466,0.4998132027159542
456,4,0.9999864290204719,0.9997160560986943,0.9998382029712962,0.5006351417159786,0.4992527907417377,0.5006351417159786,0.00039984332661804564,0.9000000000000001,0.6319584628440585,0.11883821509021918,0.0020020186101608155,0.5006351417159786,0.4998132031819286,0.4992527907417377,0.5002988936090197
456,5,0.9999869083428271,0.9997378957295626,0.9998514764086064,0.5006351414128447,0.49955167763671704,0.5006351414128447,0.0004359820439621478,0.875,0.6358066272960066,0.11478149765136664,0.0020020281732841456,0.5000000074205178,0.5006351414128447,0.49955167763671704,0.4998132023802522
456,6,0.999990498570684,0.9997965360778085,0.9998822714870379,0.5006351420191125,0.4993275118704883,0.5006351420191125,0.0004472786991203438,0.8499999999999999,0.634237472611782,0.10434389964908501,0.002001661109119884,0.5005230583706476,0.5006351420191125,0.49951431649738937,0.4993275118704883
456,7,0.9999914501205578,0.9998415666053018,0.9999071422566002,0.5002615328855617,0.499589038360175,0.5002615328855617,0.0005138494325573127,0.8250000000000001,0.6434655971148708,0.10289866658630352,0.0020017252584246677,0.5001494502592343,0.5000000072752139,0.499589038360175,0.5002615328855617
456,8,0.99999150351221,0.999848087802379,0.9999076804220075,0.5011955538129518,0.4986923782564524,0.5011955538129518,0.0006206614840130629,0.7999999999999999,0.641896442711233,0.10516973418793024,0.0020016802084352257,0.5007845842741084,0.5011955538129518,0.4986923782564524,0.49932751194564545
456,9,0.9999930018455131,0.9998749194324779,0.9999215270980701,0.5004109758796031,0.49943959515318825,0.5004109758796031,0.0006276807750834536,0.7750000000000001,0.6398789578423696,0.10981222790263208,0.002001430624789072,0.49943959515318825,0.5001120898965308,0.5000373682041014,0.5004109758796031
456,10,0.9999944910797883,0.9999073836012984,0.9999392989824983,0.5013823581567609,0.4993275124316618,0.5013823581567609,0.0006463148873224203,0.75,0.6429425462749715,0.11080024942815825,0.0020013337191720397,0.4993275124316618,0.5013823581567609,0.49992528555773214,0.4993648732553293
456,11,0.9999958612651094,0.9999245598000333,0.9999482788811935,0.5003362550940703,0.49966375963422943,0.5003362550940703,0.000737067986146322,0.7249999999999999,0.6459314118877865,0.10192902398213655,0.0020012410846742394,0.5003362545629596,0.5003362550940703,0.49966375966178705,0.49966375963422943
456,12,0.9999967126054257,0.9999521640859038,0.9999664934914466,0.5003362537713041,0.49962639881807763,0.5003362537713041,0.0008611217740138401,0.7000000000000001,0.6553837011625242,0.10251778251195243,0.002001219631373762,0.5003362537713041,0.49988792476412747,0.49962639881807763,0.5001494507627874
456,13,0.9999974323505512,0.9999671631718772,0.9999770044318445,0.5006351410120065,0.4991780685232082,0.5006351410120065,0.0009387600222018766,0.6749999999999999,0.6563924439176265,0.10403661145537431,0.0020011189943599118,0.5006351410120065,0.5001494502817815,0.4991780685232082,0.5000373677531584
456,14,0.9999973437653024,0.9999729993765035,0.9999811759152185,0.5014944404799544,0.49816932559774957,0.5014944404799544,0.0010205866939938743,0.6500000000000001,0.6719345492890159,0.10791982537499994,0.0020012981056347842,0.4995143160163835,0.5008219455888028,0.5014944404799544,0.49816932559774957
456,15,0.9999974856219519,0.9999716351636722,0.9999807754778268,0.5008219457265909,0.4984308517843024,0.5008219457265909,0.0010749916835714986,0.625,0.6717103840764449,0.11258623738996759,0.002001222727379355,0.5007472227715212,0.5008219457265909,0.4984308517843024,0.5000000068869018
456,16,0.9999977251628781,0.9999754996450458,0.999982931827168,0.5008593063247869,0.49943959426132317,0.5008593063247869,0.0010523263901464576,0.5999999999999999,0.6740641163833685,0.1188014378369095,0.0020011929701512685,0.5002241717286974,0.5008593063247869,0.49943959426132317,0.4994769556236171
456,17,0.9999978581610027,0.9999763640927724,0.9999832506939799,0.5007098626117419,0.4993275115598386,0.5007098626117419,0.0011387822816678259,0.5750000000000001,0.6709258061330753,0.12671532686837345,0.002001134845319817,0.5007098626117419,0.4998132027334909,0.4993275115598386,0.5001494501314672
456,18,0.9999985680455078,0.9999822806654637,0.9999876834036283,0.5007098627971296,0.49958903798438914,0.5007098627971296,0.0011708702517531828,0.5499999999999999,0.658297846520917,0.10518058640450219,0.0020008524400686248,0.5000000070973419,0.4997011203902555,0.5007098627971296,0.49958903798438914
456,19,0.9999986199139747,0.9999839004126666,0.9999883218988446,0.5006351415731799,0.49917806862091246,0.5006351415731799,0.0012900237262245236,0.5250000000000001,0.6643129402787876,0.10880634931204859,0.002000865816478771,0.5006351415731799,0.5001494507753136,0.5000373676729908,0.49917806862091246
456,20,0.9999984817851207,0.9999824543085849,0.9999866524477011,0.5009340279119963,0.49925278954423347,0.5009340279119963,0.001386353491931382,0.5,0.6699917850754128,0.10989651394595856,0.002000912592108108,0.4999252848612757,0.5009340279119963,0.49988792465890747,0.49925278954423347
456,21,0.999998822978622,0.99998500556375,0.9999883273903283,0.5007098629073601,0.49921542886586984,0.5007098629073601,0.0015508302878250232,0.47500000000000003,0.66218337250301,0.0994413651240377,0.002000759481925269,0.5007098629073601,0.500186810947619,0.49921542886586984,0.49988792474158034
456,22,0.9999989334496381,0.9999874732040606,0.999990253337855,0.5002615330509075,0.4995516769452711,0.5002615330509075,0.001724794120436989,0.45000000000000007,0.6685347133381863,0.10089169613510951,0.002000750893183308,0.5000373677631794,0.5002615330509075,0.5001494504596534,0.4995516769452711
456,23,0.9999991019219461,0.9999896243825885,0.9999917984088956,0.5002615324045558,0.4996637594162736,0.5002615324045558,0.0018344556166844915,0.42499999999999993,0.6658447335932025,0.1013336652876069,0.002000705603317238,0.5000747280306839,0.5000000071148786,0.4996637594162736,0.5002615324045558
456,24,0.999999022235306,0.9999902304099082,0.999992013458606,0.5002988930102675,0.4994769548369721,0.5002988930102675,0.0020354721252383726,0.39999999999999997,0.6766420130210189,0.09775059207492254,0.0020007798813030412,0.5001494501590248,0.4994769548369721,0.5000747290377899,0.5002988930102675
456,25,0.9999992267429708,0.9999914268318566,0.9999929381924022,0.5009340280698262,0.49917806907686596,0.5009340280698262,0.0022333045267746124,0.375,0.6687215181028755,0.09490766680893997,0.0020006561386270577,0.49966375950896746,0.5002241718213912,0.49917806907686596,0.5009340280698262
456,26,0.9999992376858545,0.9999917025684749,0.9999929316988229,0.5011955532542836,0.4990659858267341,0.5011955532542836,0.002442421678769344,0.35000000000000003,0.6719345488881776,0.09279646874776845,0.0020006322586895156,0.5011955532542836,0.4995890377488967,0.5001494504571482,0.4990659858267341
456,27,0.9999992393292912,0.9999904829780768,0.9999915808339045,0.5006725018507053,0.49925279117263877,0.5006725018507053,0.0025646972004011045,0.32500000000000007,0.6613614342320102,0.09460691954356837,0.002000528066585037,0.5000747282686816,0.5006725018507053,0.49925279117263877,0.5000000068418076
456,28,0.9999992526371205,0.999990423613935,0.9999914068701128,0.5006351415681695,0.4991407078598759,0.5006351415681695,0.002851299779638698,0.3,0.6565418873125062,0.09378197407143261,0.002000487321378975,0.5002241711725344,0.5006351415681695,0.5000000073353396,0.4991407078598759
456,29,0.999999199526055,0.9999906438344585,0.999991471565403,0.5007098623111133,0.49943959496529533,0.5007098623111133,0.0031358213069965835,0.27499999999999997,0.6649854346739019,0.09396374845412568,0.002000552946582647,0.5007098623111133,0.49943959496529533,0.4997384817149708,0.5001120892952734
456,30,0.9999992872695436,0.9999909461466514,0.9999916024390851,0.5007098632405569,0.49947695556349136,0.5007098632405569,0.0033823610806403017,0.25,0.6574385478421194,0.09284928698085183,0.002000449361528878,0.49947695556349136,0.5007098632405569,0.5001868117117169,0.4996263984473023
456,31,0.9999993372139869,0.999992224499934,0.9999926988518951,0.5011955534396711,0.49929015140005945,0.5011955534396711,0.0036412627344153117,0.22500000000000003,0.6598296397150806,0.09439283845133242,0.002000494442207497,0.4998132022675164,0.49929015140005945,0.49970112095393426,0.5011955534396711
456,32,0.99999939994517,0.9999920899385403,0.9999924550620838,0.500448336392621,0.49932751220368504,0.500448336392621,0.0039026331361295516,0.1999999999999999,0.6581110417562278,0.09168933520360369,0.002000451828562921,0.500448336392621,0.5003736153916376,0.49985056390037613,0.49932751220368504
456,33,0.9999995244455241,0.9999933592729626,0.9999936136449032,0.5006725025321304,0.4994769555083761,0.5006725025321304,0.004205939708191152,0.1750000000000001,0.6558320321488397,0.09280001107295167,0.0020004060215215876,0.5006725025321304,0.49985056322646687,0.5000000076484945,0.4994769555083761
456,34,0.9999995889003115,0.9999944515972228,0.999994616822741,0.5006725018056111,0.4992901511670722,0.5006725018056111,0.004488876009599206,0.15,0.6606142171774443,0.08968095553045555,0.0020004099658637157,0.4992901511670722,0.49996264606573954,0.500074728461585,0.5006725018056111
456,35,0.9999995891808983,0.9999946615562875,0.9999947594409833,0.5005230583155323,0.49955167762669606,0.5005230583155323,0.004854375574482253,0.125,0.6581484032462889,0.08973015247948753,0.0020003746819219578,0.499738480773001,0.5001868113684991,0.49955167762669606,0.5005230583155323
456,36,0.9999995729870338,0.9999942969538337,0.9999943654170033,0.5004856975219277,0.4995516769753339,0.5004856975219277,0.005161498926915654,0.09999999999999995,0.654150794317198,0.09119076117943338,0.0020003630294293546,0.5004856975219277,0.49992528533977637,0.500037368304311,0.4995516769753339
456,37,0.999999617079239,0.9999953609388309,0.9999953916029555,0.5005604200410859,0.49940223311949034,0.5005604200410859,0.005522242640774565,0.07499999999999997,0.6650227957230409,0.0889128308790838,0.0020004029447750187,0.49940223311949034,0.5004856975945796,0.4995516769327449,0.5005604200410859
456,38,0.9999996488657107,0.9999956331480728,0.9999956489010152,0.5003362542823728,0.4994022332071737,0.5003362542823728,0.005913007812776178,0.05000000000000004,0.6614735164174155,0.08698217212783063,0.002000352755287899,0.5002988939447217,0.5003362542823728,0.4994022332071737,0.49996264595049855
456,39,0.9999996200855258,0.9999955061224377,0.9999955111729995,0.5010087492436712,0.49925279024319513,0.5010087492436712,0.006250307516952089,0.02500000000000002,0.6673018061321055,0.08927453108126875,0.002000392397875674,0.5003736153816166,0.5010087492436712,0.49925279024319513,0.4993648726841348
456,40,0.9999996640173957,0.9999957463447889,0.9999957463447889,0.5002241722071981,0.49981320293391,0.5002241722071981,0.006582949429540003,0.0,0.6581484027652831,0.08824622536876015,0.00200034133374701,0.49981320293391,0.5002241722071981,0.5000000067466085,0.4999626455596813
456,41,0.9999996000035305,0.9999953414180092,0.9999953414180092,0.500635140651252,0.4992901502501548,0.500635140651252,0.006911518660367096,0.0,0.661548237714017,0.08954160137160881,0.0020003368618955087,0.500635140651252,0.49962639926902064,0.4992901502501548,0.5004483363775896
456,42,0.9999995682170588,0.9999955310545756,0.9999955310545756,0.5002988933835482,0.49958903816977684,0.5002988933835482,0.007284570532013545,0.0,0.672457600850424,0.08704333246585981,0.002000385444585006,0.49958903816977684,0.5002988933835482,0.49992528531973446,0.5001868108799775
456,43,0.9999995356689946,0.9999949595795113,0.9999949595795113,0.5004483375600624,0.49932751190806685,0.5004483375600624,0.00763134765122449,0.0,0.6506015160136681,0.08682359977379171,0.002000271704075476,0.4998505636648837,0.5004483375600624,0.5003736155820357,0.49932751190806685
456,44,0.99999954348534,0.9999950220301076,0.9999950220301076,0.5011581928013914,0.4989165432911514,0.5011581928013914,0.00798211723100081,0.0,0.6597175582111002,0.08581480571014334,0.0020002992238120376,0.4998879242756059,0.5000373678132841,0.4989165432911514,0.5011581928013914
456,45,0.9999995242851888,0.999994931601003,0.999994931601003,0.5010834712918445,0.4991407072586186,0.5010834712918445,0.008352638165909289,0.0,0.6622580936392763,0.08579838459793962,0.002000324264301517,0.49962639834458744,0.5010834712918445,0.5001494502968129,0.4991407072586186
456,46,0.9999995895416527,0.9999954934960336,0.9999954934960336,0.5011208319977657,0.49943959425380746,0.5011208319977657,0.008779811465557822,0.0,0.658185763132997,0.08390184148279267,0.0020002810716335914,0.49966375920833883,0.49943959425380746,0.5011208319977657,0.49977584135115505
456,47,0.9999995949128849,0.9999955252023375,0.9999955252023375,0.5007098621357465,0.49943959423376555,0.5007098621357465,0.009182979092853696,0.0,0.6549727315059346,0.08289272658571992,0.0020002534280442797,0.4995143158259854,0.5003362546631692,0.49943959423376555,0.5007098621357465
456,48,0.9999995323821211,0.9999952182805049,0.9999952182805049,0.5007472234429252,0.49921542931180235,0.5007472234429252,0.009576371833982689,0.0,0.6569902165351335,0.08389778071720086,0.002000277461584284,0.5000373677631794,0.49921542931180235,0.5007472234429252,0.5000000061353301
456,49,0.9999994850030424,0.9999948568045892,0.9999948568045892,0.5005977802033703,0.49966375918579164,0.5005977802033703,0.009993022131134217,0.0,0.6532914948367239,0.08313001926785439,0.0020002576114801487,0.5000373679610932,0.5005977802033703,0.49970112033263503,0.49966375918579164
456,50,0.9999994980703686,0.9999950010261843,0.9999950010261843,0.5006725019634412,0.49951431606147784,0.5006725019634412,0.01040021658429742,0.0,0.6548232900350784,0.08240950997685857,0.0020002404015846977,0.5002241723725438,0.49951431606147784,0.4995890379568315,0.5006725019634412
456,51,0.9999994750622542,0.9999949374933249,0.9999949374933249,0.5012702751671739,0.49887918229211714,0.5012702751671739,0.010816594141096418,0.0,0.6439139268585877,0.08168965567807744,0.0020002052090841607,0.5012702751671739,0.5007098624589224,0.49914070765444635,0.49887918229211714
456,52,0.9999993451105001,0.9999939210477418,0.9999939210477418,0.5007098626793833,0.49929015114953557,0.5007098626793833,0.01123866468552743,0.0,0.6469401546829726,0.0813333427755221,0.0020002171355872726,0.5004856977323677,0.5007098626793833,0.49929015114953557,0.49951431665271423
456,53,0.9999992601728792,0.9999934099789987,0.9999934099789987,0.500298892972689,0.4997011207234523,0.500298892972689,0.011633394331757103,0.0,0.6458193293416268,0.08055047333370781,0.002000211504436453,0.4997011207234523,0.49981320295144666,0.5001868116691278,0.500298892972689
456,54,0.999999175074923,0.9999926416121959,0.9999926416121959,0.5014197188852294,0.49854293461605936,0.5014197188852294,0.012049891003899192,0.0,0.6445117012397827,0.08091550118715152,0.002000202809221837,0.4998132031719077,0.5014197188852294,0.500224172091957,0.49854293461605936
456,55,0.999998955415573,0.9999918944096517,0.9999918944096517,0.500747223137286,0.49947695475179393,0.500747223137286,0.012435471657826424,0.0,0.6488829168923845,0.08014922211774661,0.002000208054096128,0.500747223137286,0.49947695475179393,0.49973848133918497,0.5000373674625507
456,56,0.9999987698274727,0.9999909800174819,0.9999909800174819,0.5005604196703105,0.4991407081880622,0.5005604196703105,0.012818641602998022,0.0,0.6361428748944019,0.07967905764591397,0.0020001776328231456,0.5005604196703105,0.5003362549738188,0.4991407081880622,0.49996264627617965
456,57,0.9999983240552772,0.9999886923535366,0.9999886923535366,0.5005230577794112,0.49943959466967713,0.5005230577794112,0.013185108417460963,0.0,0.6414107513972874,0.07997149801747304,0.0020001847929526032,0.5005230577794112,0.4995890376386662,0.49943959466967713,0.5004483375550519
456,58,0.9999987010837162,0.9999908653376642,0.9999908653376642,0.5009340277015562,0.4987670996206955,0.5009340277015562,0.013521776709357364,0.0,0.6558693929574757,0.08068222204309707,0.0020003131707903516,0.5000747288048026,0.5009340277015562,0.5002241720017685,0.4987670996206955
456,59,0.9999985553389359,0.9999900567667871,0.9999900567667871,0.5005230586036349,0.49958903828000734,0.5005230586036349,0.013848756820780163,0.0,0.6409250608850183,0.07994322068413072,0.0020001884578040125,0.5005230586036349,0.49958903828000734,0.4999626460306662,0.49992528546253306
456,60,0.9999981285263888,0.9999884822742203,0.9999884822742203,0.5005977810551516,0.4987670997634941,0.5005977810551516,0.01417168293827199,0.0,0.6328177616431077,0.07866256792792235,0.002000151895094355,0.5005977810551516,0.5000373678633889,0.4987670997634941,0.5005977803286323
456,61,0.9999982260102462,0.9999883460693898,0.9999883460693898,0.5002615327803417,0.4995890377539072,0.5002615327803417,0.014501426777932053,0.0,0.6325188748533483,0.07845874329516571,0.0020001468094593138,0.5000747292006305,0.5000747288323603,0.5002615327803417,0.4995890377539072
456,62,0.999997819159443,0.9999861889183722,0.9999861889183722,0.5004109764833657,0.49895390416742896,0.5004109764833657,0.014815214314894461,0.0,0.6250093483491961,0.07778435690728064,0.002000128021733065,0.5004109764833657,0.5004109763004833,0.49895390416742896,0.5002241720669046
456,63,0.9999976201432619,0.999985478152023,0.999985478152023,0.5008219456865071,0.4993275122838527,0.5008219456865071,0.015132785217351735,0.0,0.6277740498717872,0.07703828278530662,0.0020001423806666066,0.4993275122838527,0.500149450128962,0.4997011210065443,0.5008219456865071
456,64,0.9999972899327282,0.999983728934072,0.999983728934072,0.50018681116808,0.4998879246889703,0.50018681116808,0.015441373520466251,0.0,0.6229918636406678,0.07665346731214452,0.0020001186123687746,0.5000000074104968,0.4999252856378998,0.4998879246889703,0.50018681116808
456,65,0.9999951309378546,0.9999739707277858,0.9999739707277858,0.5014944404924806,0.49910334754727714,0.5014944404924806,0.015724858071181545,0.0,0.619218419683645,0.07699529516743027,0.002000115892462177,0.5002241717838126,0.49910334754727714,0.4991780685131872,0.5014944404924806
456,66,0.9999952142721226,0.999974476104626,0.999974476104626,0.5012329144211688,0.49914070853629044,0.5012329144211688,0.01601516645684808,0.0,0.6169020480250222,0.07652339660678442,0.002000116771331311,0.49940223374078957,0.5012329144211688,0.49914070853629044,0.5002241716059407
456,67,0.9999954801882043,0.9999754765968477,0.9999754765968477,0.5013449975084601,0.49932751265963854,0.5013449975084601,0.016289117091561455,0.0,0.6169020486663633,0.07616060849958085,0.0020001011815425646,0.5013449975084601,0.49940223401636585,0.4999252857781932,0.49932751265963854
456,68,0.9999950846811229,0.9999719050079684,0.9999719050079684,0.5008966670833183,0.4985429348164785,0.5008966670833183,0.01654421285335939,0.0,0.6115968111945065,0.07615869602272393,0.0020000953731460908,0.49992528546754356,0.5006351410621112,0.4985429348164785,0.5008966670833183
456,69,0.9999935028532165,0.9999646244629486,0.9999646244629486,0.5009713889010096,0.49824404858288224,0.5009713889010096,0.016790604389196846,0.0,0.609728770081277,0.07590508323210393,0.002000086498650313,0.49824404858288224,0.499962646185991,0.5008219452255431,0.5009713889010096
456,70,0.9999936635091791,0.9999654293461141,0.9999654293461141,0.5005977805140199,0.49947695579397333,0.5005977805140199,0.017009162208129276,0.0,0.6171635752888277,0.07647399575134492,0.0020001022312376793,0.5003736156622034,0.5005977805140199,0.49955167749141316,0.49947695579397333
456,71,0.9999900435391255,0.9999484558913558,0.9999484558913558,0.5010461107788265,0.49940223371072673,0.5010461107788265,0.017232428279172356,0.0,0.6119704198420408,0.07522238831573792,0.0020000855018783713,0.4995516778321257,0.5010461107788265,0.49940223371072673,0.5000000076159263
456,72,0.9999888735324164,0.9999384324103293,0.9999384324103293,0.5012702759713555,0.4990659863979286,0.5012702759713555,0.017414200807988604,0.0,0.6086453061498246,0.07516339089578643,0.002000055930507698,0.4997384812189335,0.4990659863979286,0.49992528614896853,0.5012702759713555
456,73,0.9999849045525162,0.9999204596658641,0.9999204596658641,0.5005230587764963,0.4992154301234998,0.5005230587764963,0.017575814024806423,0.0,0.6055817179176418,0.07506177542579599,0.002000071741070626,0.4992154301234998,0.5005230587764963,0.5001120896109336,0.5001494506801145
456,74,0.9999828058837963,0.9999115836644381,0.9999115836644381,0.5007098635011018,0.4992154299932273,0.5007098635011018,0.017722576275397726,0.0,0.6074497587903682,0.07518647413603115,0.002000062595539311,0.500373615436732,0.49970112002449063,0.4992154299932273,0.5007098635011018
456,75,0.9999837597986155,0.9999126892163598,0.9999126892163598,0.5004483371391822,0.499215430073395,0.5004483371391822,0.017857134057848983,0.0,0.6047597794462228,0.07461132932136182,0.0020000505509768147,0.5000000069144594,0.5004483371391822,0.499215430073395,0.5003362543525196
456,76,0.9999801595097191,0.9998937025115084,0.9998937025115084,0.5005977806342714,0.4993648732778765,0.5005977806342714,0.017963972948516625,0.0,0.600948975802911,0.07482264872086714,0.002000037344296606,0.4998132036228507,0.5005977806342714,0.4993648732778765,0.5002241716660665
456,77,0.9999729953681212,0.9998578873350865,0.9998578873350865,0.5014944408031302,0.49929015166561475,0.5014944408031302,0.0180514419016697,0.0,0.6006874505833804,0.07418871771170937,0.001999999097596651,0.49929015166561475,0.4995143162218131,0.49970112078608325,0.5014944408031302
456,78,0.9999682106423394,0.9998319608778784,0.9998319608778784,0.5008593063648707,0.4984682131090177,0.5008593063648707,0.01811550863252523,0.0,0.5990435736806263,0.07367653399079577,0.0020000145115489395,0.4984682131090177,0.5007098626593415,0.4999626473534324,0.5008593063648707
456,79,0.999966414165561,0.9998210438883537,0.9998210438883537,0.5018680491099521,0.4989912650712641,0.5018680491099521,0.018153079823611484,0.0,0.5969513667535685,0.07400195246716434,0.001999971808498649,0.49940223331489897,0.49973848113375535,0.4989912650712641,0.5018680491099521
