metrique,n_images,unite,point_controle,point_moe,delta,ci_lo,ci_hi,p,holm,survit_holm,ic_exclut_0,delta_D,delta_Dp,delta_G,delta_B
mIoU,500,pt,81.16796431196492,81.61818246594868,0.4502181539837502,0.11038403881781927,0.8180599445170845,0.0066,0.0924,False,True,0.51539995906148,0.4713864839323678,0.09430770643868991,-0.0790280105628538
boundary_f1_3px,500,pt,76.62735133767129,76.566569040219,-0.06078229745228869,-0.17788179824751144,0.05547840431331237,0.3004,1.0,False,False,0.6769487182299194,0.5452398339907294,0.37572304805120194,-0.25395283699035653
boundary_f1_3px_pieds,500,pt,67.48615564952294,67.42666929711899,-0.05948635240394795,-0.41200832466284554,0.3086120385925011,0.7238,1.0,False,False,-0.12972832322120098,-0.29172178755203504,0.24658803542454422,-0.18460884491601215
rappel_strict_instances,441,pt,76.25347588232736,76.72826523640578,0.4747893540783976,-0.0044901291881788066,0.934982888138431,0.0516,0.2064,False,False,2.1828573373237514,1.7192503634253842,-3.4168003464665198,0.9182187178517376
precision_ped_pixels,473,pt,70.02832733066722,70.02386420849497,-0.00446312217224909,-0.3774997924797499,0.37637124887112794,0.9896,0.9896,False,False,-22.195190803794684,-15.02015168284193,-6.76258964226416,-4.063762166738538
instances_toutes_rappel,441,pt,79.97523506652956,80.37232128044393,0.39708621391435495,-0.027745360597953267,0.7656001567897974,0.0694,0.2776,False,False,2.322189249798845,1.8791955342626676,-3.4232850371831547,1.0158284661909156
instances_toutes_det05,441,pt,87.11112004244762,87.25594100896052,0.144820966512893,-0.38465165503514254,0.651262625300994,0.562,1.0,False,False,1.307756517074432,1.1729037865336855,-1.9941360959338628,0.9417528652675422
instances_individuelles_rappel,440,pt,80.0964804773155,80.50354997873175,0.4070695014162684,-0.029880795118618905,0.7829873221847047,0.0662,0.2648,False,False,2.310766613283599,1.8629820895528226,-3.3614791068424688,1.0148695191398271
instances_individuelles_det05,440,pt,87.1754988338456,87.31658828318201,0.14108944933641787,-0.3964977061151254,0.6534254089633379,0.571,1.0,False,False,1.2509796908810267,1.1547200920752454,-2.001969316747132,0.9007789859584059
instances_foule_rappel,63,pt,74.58389554420268,74.19945567111128,-0.38443987309139116,-1.5364588576738267,0.49322976052197426,0.4822,1.0,False,False,1.511215765757934,1.3186843112072077,-4.611828930294881,1.1242336152002874
instances_foule_det05,63,pt,83.5978835978836,83.06878306878306,-0.5291005291005235,-2.645502645502662,1.5873015873015928,0.7946,1.0,False,False,3.1746031746031855,0.5291005291005346,-1.5873015873015817,2.645502645502651
instances_taille_T1_rappel,315,pt,64.99397383322506,65.79639569283054,0.8024218596054844,0.07324460613812617,1.5097400946727477,0.033,0.198,False,True,2.8162763976441907,2.0164943530120327,-4.080279076102555,1.5645634292469457
instances_taille_T1_det05,315,pt,71.72791006528946,72.04240558924654,0.31449552395708125,-0.8443378889729856,1.4551546712961205,0.5908,1.0,False,False,2.129019258273268,1.3764086140369947,-3.4663536112981785,1.1081315256540991
instances_taille_T2_rappel,320,pt,84.5339348564019,84.92872202172755,0.3947871653256607,-0.03133725991280977,0.8096726689951582,0.0684,0.6156,False,False,1.745390244566103,1.2435029809367948,-3.6563267750658546,0.9278131477829632
instances_taille_T2_det05,320,pt,93.14725436600436,93.43182887714137,0.2845745111370146,-0.3628025981541566,1.0200847763347682,0.4046,1.0,False,False,0.2605872137122045,0.40463529526031383,-2.063805118492612,0.6314528931716357
instances_taille_T3_rappel,335,pt,93.47442818150658,93.73290188707385,0.2584737055672637,0.14188674440444748,0.3843262353130847,0.0,0.0,True,True,0.8603914877695296,0.7615428695838977,-1.7984774677309856,0.3762444996067149
instances_taille_T3_det05,335,pt,98.95996209429046,98.9570942281076,-0.0028678661828762664,-0.11421588797867477,0.13503909026297833,0.9104,1.0,False,False,0.1556108347153029,0.1310313511805994,-0.17728816236280975,0.002369106846722424
IoU_person,500,pt,85.15222596276041,84.90985991375607,-0.2423660490043389,-0.4291764639551535,-0.06157973100512475,0.008,0.088,False,True,-0.20670654586530945,-0.2688269744751004,0.06703793792358637,-0.27717569005970555
IoU_rider,500,pt,68.91997947946274,68.55454183630589,-0.3654376431568518,-1.3020684466360253,0.5241499041725727,0.4298,1.0,False,False,-0.5796318942138501,-0.3764429445865414,-1.3385608823029749,-0.42755504097654606
fragments,500,composantes/image,519.264,488.0466666666666,-31.217333333333386,-35.70801666666664,-26.739250000000045,0.0,0.0,True,True,,,,
