classe,iou_moe,iou_controle,delta_pt,ci_lo_pt,ci_hi_pt,p,holm_19,survit_holm,ic_exclut_0,delta_B,delta_D,delta_Dp,delta_G
truck,84.83406831501553,80.59314926090214,4.24091905411339,0.43773119127558824,8.751947120822363,0.0066,0.1188,False,True,-0.3498274931032386,4.942643935854485,5.192041544497384,3.434120821836417
wall,58.69771996658717,56.146756428966206,2.550963537620965,-1.0851714964625139,6.8968215484462485,0.2,1.0,False,False,1.7686039712580093,5.492325320760372,3.084449752297469,1.065997649265793
train,83.46252356942406,82.23368542795679,1.228838141467281,0.054140965839442924,2.8203382857706902,0.0408,0.5712,False,True,1.5025449427050086,0.39952702752661384,0.6601607555164479,-1.0376594114938409
fence,66.68291531771251,65.8074835855295,0.8754317321830185,-0.27069272718264115,2.2976479051669796,0.1586,1.0,False,False,0.26449115714203275,1.212662909542872,1.0567063810197896,-0.4573844907100555
sidewalk,87.29621042676841,86.97546600542245,0.32074442134596426,0.040108705147362256,0.6603984453203635,0.0224,0.336,False,True,0.09105143331066268,0.6248600277002803,0.4767933201506147,0.06370085604539
terrain,66.59917218520386,66.39584632628052,0.2033258589233422,-0.251852770227258,0.67303004609009,0.398,1.0,False,False,-0.29648978159113604,1.212511840269348,0.3295157384814007,0.00647284811245985
car,95.69770308845213,95.56320533803547,0.13449775041666223,-0.06508399722269187,0.3979991109755298,0.2622,1.0,False,False,-0.10622837301894617,0.24243922292284115,0.3156654499510747,0.14349790888277258
traffic sign,83.83445534050088,83.70322630283243,0.13122903766844551,-0.13643713982149724,0.505494250243921,0.4942,1.0,False,False,-0.18456261449044664,-1.0490464957429557,-1.0090375220838999,0.21365920576362774
bus,91.65307612527263,91.54991327444502,0.10316285082762056,-0.7932306782167609,0.9468062910638197,0.8056,1.0,False,False,-1.7982815768187055,0.5689936703399567,0.7859724986198358,-1.478152575352798
building,93.34734556876427,93.25064675021957,0.09669881854469375,-0.039634957982284114,0.2576553191669526,0.1778,1.0,False,False,0.024111058479592273,0.2856745525278481,0.23067309089671584,0.070714650881476
road,98.46785401487742,98.41075096797654,0.05710304690088597,0.013069199902243924,0.11105137624903062,0.0078,0.1326,False,True,0.031528399135660745,0.05191622398686979,0.06651472710786921,0.0383116779638204
vegetation,93.12368186197033,93.13412297474888,-0.010441112778558637,-0.05579049678968607,0.032878275277052296,0.6456,1.0,False,False,-0.04020733433610646,0.03173939050511443,0.038131155794618454,0.020450210145239733
sky,95.5149252118061,95.53018840031399,-0.015263188507885772,-0.0678428946571713,0.030993761225660825,0.584,1.0,False,False,0.06782020328952587,-0.08587396754304866,-0.11841279370756741,0.11454090066704836
traffic light,77.27884981650314,77.35985292455015,-0.08100310804701749,-0.2347806473174968,0.08203908921209306,0.323,1.0,False,False,-0.5077999934373967,-2.601890560702791,-2.3400635324026586,0.46976330937911204
pole,69.93482091218257,70.04580010205704,-0.11097918987447164,-0.32425891485614533,0.0935697139179153,0.2828,1.0,False,False,-0.2906812544780646,0.1135374268331546,0.0798297623386679,0.2915051390606771
person,84.90954259600811,85.15318970504894,-0.2436471090408343,-0.43257090616311444,-0.06203341851619926,0.0078,0.1326,False,True,-0.25677232071132927,-0.1925596465182644,-0.2537274943890555,0.06750150730528981
bicycle,80.06809826408166,80.33295507217154,-0.2648568080898861,-0.40762009662505033,-0.12102303105783671,0.0002,0.0038,True,True,-0.5201201853820558,-0.6995331092031876,-0.5284131815425641,0.051840353787024895
motorcycle,70.7750030562591,71.08449730754322,-0.3094942512841148,-1.4850434973270479,0.7266274301562343,0.561,1.0,False,False,-0.3887028084714972,-0.13233216579280338,1.3395735949758514,0.06767543742185467
rider,68.5559634329526,68.92534614004401,-0.36938270709141463,-1.316602953466563,0.5250278683334155,0.4308,1.0,False,False,-0.4383476473851844,-0.5838422626381012,-0.38668200620404214,-1.3406264428788894
