bras,label,dommage_max_pt,endpoint_dommage,z,delta_miou_pt,p_miou,holm12,holm15,prix_par_pt_miou,n_endpoints_dommage_1pt,n_classes_perte_0.5pt,percentile_moyen,pire_rang,n_rang1,n_dernier,pic_max_pt,rang_dommage,T0_verdict
B,B · CE+Dice (baseline),-4.063762166738538,precision_ped_pixels,-0.6289672038214856,-0.0790280105628538,0.6592,1.0,1.0,,2,3,51.228632478632484,13,2,4,2.645502645502651,5,False
C,C · CE+Dice+EDT,-3.2059525520353738,precision_ped_pixels,-0.4962000553926074,0.05565428947733597,0.8182,1.0,1.0,,2,2,47.54273504273503,13,0,1,3.6292321268372785,4,False
Cp,Cp · CE+Dice+SDT,-6.050878832211115,precision_ped_pixels,-0.9365224104177517,-0.27915384587304803,0.0618,0.4396,0.618,,3,4,34.46403133903134,13,0,2,2.64550264550264,7,False
D,D · CE+Kervadec EDT,-22.195190803794684,precision_ped_pixels,-3.4352519968832325,0.51539995906148,0.005,0.0576,0.075,-43.06401351721316,3,4,77.28810541310543,13,16,2,5.492325320760372,11,False
Dp,Dp · CE+SDT (distmap),-15.02015168284193,precision_ped_pixels,-2.324738116382858,0.4713864839323678,0.033,0.2808,0.396,-31.863772498400586,3,3,72.72079772079772,13,3,1,5.192041544497384,10,False
G,G · CE+Dice+Blob (Kofler),-6.76258964226416,precision_ped_pixels,-1.0466771733594653,0.09430770643868991,0.6592,1.0,1.0,,16,3,41.933760683760696,13,7,16,3.434120821836417,8,False
fused_CvetoB,consensus C⊘B,-1.8952257716432164,IoU_bus,-1.4726270042867926,0.06578177402412066,0.7866,1.0,1.0,,1,2,43.981481481481474,13,0,1,3.436024130125981,2,False
fused_CpvetoB,consensus Cp⊘B,-2.7797380145720307,IoU_bus,-2.1599100889980654,-0.15300050291076062,0.3532,1.0,1.0,,2,4,35.692663817663814,13,0,1,2.64550264550264,3,False
fused_DvetoB,consensus D⊘B,-8.70179276797347,precision_ped_pixels,-1.3468165805330312,0.48542566928425623,0.0082,0.082,0.10660000000000001,-17.926107576478127,3,3,71.91061253561253,12,3,0,4.944262164994962,9,False
fused_DpvetoB,consensus Dp⊘B,-4.76777489790694,precision_ped_pixels,-0.7379304996073452,0.48168234093299844,0.0376,0.3168,0.4136,-9.89817249407973,2,2,69.03490028490029,12,4,1,4.382347923713259,6,False
moe_v3cs,MoE-V3-CS (4 experts),-0.5291005291005235,instances_foule_det05,-0.3535533905932706,0.4502181539837502,0.0066,0.0726,0.0924,-1.1752092278349584,0,0,60.43447293447293,11,0,0,4.24091905411339,1,True
