arm,miou_point,miou_ci_lo,miou_ci_hi,delta_vs_ref,delta_ci_lo,delta_ci_hi,p_two_sided,p_holm,significant
D,0.8168578082293015,0.8036527479348615,0.8273477600772562,0.0051756596529624055,0.00142485095664997,0.009095479468142022,0.0048,0.0576,True
fused_DvetoB,0.8165231923756028,0.8031313064105262,0.8271914074180265,0.004841043799263645,0.0011122169203099219,0.00870516154797712,0.0082,0.082,True
fused_DpvetoB,0.8164721081626896,0.8027262149697243,0.8270188847135725,0.004789959586350423,0.0001922860852076298,0.009568816343802904,0.0396,0.3168,True
Dp,0.8164293544928224,0.8030151008990266,0.8267604047612293,0.004747205916483255,0.0003831838954776512,0.009274688043590742,0.0312,0.2808,True
moe_v3cs,0.8161757521422855,0.8026438080748718,0.8270908005076589,0.0044936035659464135,0.001085726427177103,0.008195330474257972,0.0066,0.0726,True
A,0.8128298118173009,0.7991690809057795,0.8237805695031201,0.001147663240961716,-0.002707768974497607,0.0052455338006103065,0.5722,1.0,False
G,0.8126326378163825,0.7981461208394375,0.8243091208303275,0.0009504892400433729,-0.0027925578066831463,0.004670876759462809,0.6552,1.0,False
fused_CvetoB,0.812364210429897,0.7982915827158409,0.8236970372154183,0.0006820618535579026,-0.0033794139005029673,0.004720212772363523,0.7758,1.0,False
C,0.8122672677133758,0.7983433666890115,0.8234742996306751,0.0005851191370366271,-0.0034448528971239762,0.004677834864498536,0.8096,1.0,False
B,0.8109306379353374,0.7969436279489335,0.8220384182673419,-0.0007515106410017625,-0.004465660912073288,0.0028082145385906936,0.6748,1.0,False
fused_CpvetoB,0.8101420274119918,0.7958793624422554,0.8213906857542818,-0.001540121164347319,-0.005158068204177904,0.0017038733857791704,0.3498,1.0,False
Cp,0.8089046535920049,0.7948347136886237,0.8201787902332345,-0.0027774949843342167,-0.0059684084297940585,0.00015537632215914754,0.0628,0.4396,False
controle,0.8116821485763391,0.7980203007454423,0.8225076699891491,0.0,,,,,False
